{
  "baseline": {
    "dice_mean": 0.9738432765007019,
    "dice_std": 0.02694990672171116,
    "dice_min": 0.924366295337677,
    "dice_max": 0.9997968673706055,
    "iou_mean": 0.9503426536802057,
    "iou_std": 0.05037004815004907,
    "iou_min": 0.8593690611934626,
    "iou_max": 0.9995937849091093,
    "compactness_mean": 0.8650007148537414,
    "compactness_std": 0.0374117019645345,
    "compactness_min": 0.7578175309450659,
    "compactness_max": 0.8968406594742541,
    "solidity_mean": 0.9832397031360898,
    "solidity_std": 0.010009146166511142,
    "solidity_min": 0.9567438692098093,
    "solidity_max": 0.9916710046850599,
    "eccentricity_mean": 0.20586771176188168,
    "eccentricity_std": 0.14927025798852345,
    "eccentricity_min": 0.038223297247980986,
    "eccentricity_max": 0.46714655852621706,
    "hausdorff_distance_mean": 4.039814249016231,
    "hausdorff_distance_std": 2.937669285921311,
    "hausdorff_distance_min": 1.0,
    "hausdorff_distance_max": 9.055385138137417,
    "boundary_iou_mean": 0.6656894289202464,
    "boundary_iou_std": 0.2648086208179916,
    "boundary_iou_min": 0.3365433350228079,
    "boundary_iou_max": 0.9976303317535545
  },
  "geometric": {
    "dice_mean": 0.8959828615188599,
    "dice_std": 0.2674657106399536,
    "dice_min": 0.09541745483875275,
    "dice_max": 0.9994919896125793,
    "iou_mean": 0.8789004173716828,
    "iou_std": 0.27835806258222323,
    "iou_min": 0.05009887936717205,
    "iou_max": 0.9989844622727735,
    "compactness_mean": 0.8213955962511685,
    "compactness_std": 0.17536758105032366,
    "compactness_min": 0.2965543045468261,
    "compactness_max": 0.8935354408602679,
    "solidity_mean": 0.9607388242286827,
    "solidity_std": 0.07927513597921315,
    "solidity_min": 0.7230769230769231,
    "solidity_max": 0.9912365261589694,
    "eccentricity_mean": 0.2139882002520249,
    "eccentricity_std": 0.18457059295108952,
    "eccentricity_min": 0.04050639569155492,
    "eccentricity_max": 0.7244029635751009,
    "hausdorff_distance_mean": 6.081980515339464,
    "hausdorff_distance_std": 8.818135461140926,
    "hausdorff_distance_min": 1.0,
    "hausdorff_distance_max": 31.81980515339464,
    "boundary_iou_mean": 0.6729270878073396,
    "boundary_iou_std": 0.30913782424129127,
    "boundary_iou_min": 0.006051437216338881,
    "boundary_iou_max": 0.9866247049567269
  },
  "num_images": 10
}