{
  "baseline": {
    "dice_mean": 0.9701581001281738,
    "dice_std": 0.04951845854520798,
    "dice_min": 0.8252752423286438,
    "dice_max": 0.9990882277488708,
    "iou_mean": 0.9460769433758184,
    "iou_std": 0.08387850462257293,
    "iou_min": 0.7025264455170998,
    "iou_max": 0.9981781476192821,
    "compactness_mean": 0.8260421333718743,
    "compactness_std": 0.07255812198565854,
    "compactness_min": 0.6495703494262368,
    "compactness_max": 0.8896821003850504,
    "solidity_mean": 0.9697867709024045,
    "solidity_std": 0.022123100510502095,
    "solidity_min": 0.9239614306750459,
    "solidity_max": 0.9875985318045422,
    "eccentricity_mean": 0.3488061239967215,
    "eccentricity_std": 0.17558103565597902,
    "eccentricity_min": 0.17015860657648058,
    "eccentricity_max": 0.8015587842613037,
    "hausdorff_distance_mean": 4.017360197775585,
    "hausdorff_distance_std": 2.6001571185850505,
    "hausdorff_distance_min": 1.0,
    "hausdorff_distance_max": 9.219544457292887,
    "boundary_iou_mean": 0.7448595473297404,
    "boundary_iou_std": 0.155542434023518,
    "boundary_iou_min": 0.44409857328145264,
    "boundary_iou_max": 0.9718498659517426
  },
  "geometric": {
    "dice_mean": 0.9433574676513672,
    "dice_std": 0.07385297864675522,
    "dice_min": 0.7380797266960144,
    "dice_max": 0.9970603585243225,
    "iou_mean": 0.9009435952038866,
    "iou_std": 0.11693059050165168,
    "iou_min": 0.5848861817994115,
    "iou_max": 0.9941379310344828,
    "compactness_mean": 0.7805595248703244,
    "compactness_std": 0.09650009563977824,
    "compactness_min": 0.5533395319129001,
    "compactness_max": 0.8809157617541403,
    "solidity_mean": 0.9499977433445606,
    "solidity_std": 0.031088581071216658,
    "solidity_min": 0.899165508743105,
    "solidity_max": 0.9847737202832445,
    "eccentricity_mean": 0.41347880383273133,
    "eccentricity_std": 0.1661661387803067,
    "eccentricity_min": 0.2012361550620151,
    "eccentricity_max": 0.8499599796321263,
    "hausdorff_distance_mean": 4.436002166176754,
    "hausdorff_distance_std": 3.608584872450021,
    "hausdorff_distance_min": 1.0,
    "hausdorff_distance_max": 12.36931687685298,
    "boundary_iou_mean": 0.6864344895956361,
    "boundary_iou_std": 0.1486070956263194,
    "boundary_iou_min": 0.46300028793550246,
    "boundary_iou_max": 0.9355932203389831
  },
  "num_images": 10
}