{
  "dice_mean": 0.9728730320930481,
  "dice_std": 0.043814003467559814,
  "dice_min": 0.8450927734375,
  "dice_max": 0.9986854791641235,
  "iou_mean": 0.9503998607362018,
  "iou_std": 0.07553868785674998,
  "iou_min": 0.7317407878017789,
  "iou_max": 0.9973744213362814,
  "compactness_mean": 0.8314975993809464,
  "compactness_std": 0.07223234762324103,
  "compactness_min": 0.6519580011814561,
  "compactness_max": 0.8855909791240588,
  "solidity_mean": 0.9729008318509165,
  "solidity_std": 0.02081740515015992,
  "solidity_min": 0.9243084521594886,
  "solidity_max": 0.9876630206071885,
  "eccentricity_mean": 0.3433704295371477,
  "eccentricity_std": 0.1762941350763199,
  "eccentricity_min": 0.17767545072855248,
  "eccentricity_max": 0.8021998538094841,
  "hausdorff_distance_mean": 4.909002604996063,
  "hausdorff_distance_std": 3.39141466413971,
  "hausdorff_distance_min": 1.0,
  "hausdorff_distance_max": 10.0,
  "boundary_iou_mean": 0.7589075738845723,
  "boundary_iou_std": 0.15537601452847047,
  "boundary_iou_min": 0.42572741194486985,
  "boundary_iou_max": 0.9673704414587332
}